Method,Window size,Round 1 time (s),Average time (s),Error Rate (1NN)
FastDTW_own-Univar,0,4858.210748249,4858.210748249,0.20266666666666666
FastDTW_own-Univar,1,7193.434641607,7193.434641607,0.19466666666666665
