Method,Window size,Round 1 time (s),Average time (s),Error Rate (1NN)
FastDTW_own-Univar,0,4858.210748249,4858.210748249,0.20266666666666666
FastDTW_own-Univar,1,7193.434641607,7193.434641607,0.19466666666666665
FastDTW_own-Univar,2,6200.620883094,6200.620883094,0.19733333333333333
FastDTW_own-Univar,3,6493.296433888,6493.296433888,0.22133333333333333
