Method,Window size,Round 1 time (s),Average time (s),Error Rate (1NN)
Filtering_1-Univar,25,14865.664404762,14865.664404762,0.22933333333333333
Filtering_1-Univar,30,15661.560633226,15661.560633226,0.22666666666666666
Filtering_1-Univar,35,17156.02446626,17156.02446626,0.224
